created_at,user,text,likes,retweets,location
2023-02-05 09:34:46,cybersecurity_pro,Artificial intelligence is driving the tech world forward.,425,136,"Sydney, Australia"
2023-01-15 19:37:08,tech_trends,Cybersecurity remains the top priority for organizations.,92,60,"Tokyo, Japan"
2022-10-02 17:01:22,innovation_hub,Cloud computing ensures scalability for businesses globally.,218,172,"Paris, France"
2024-05-11 04:24:27,tech_guru,Quantum algorithms are the next big leap for tech.,454,185,Remote
2022-09-03 15:54:18,tech_trends,IoT is revolutionizing smart home devices worldwide.,435,70,"Sydney, Australia"
2023-02-19 21:59:21,ai_fanatic,Digital transformation is crucial for modern enterprises.,77,137,"San Francisco, CA"
2022-07-20 11:29:04,ai_fanatic,Quantum algorithms are the next big leap for tech.,451,146,Unknown
2022-07-03 18:52:05,cybersecurity_pro,IoT is revolutionizing smart home devices worldwide.,454,109,Remote
2024-08-23 12:32:24,quantum_coder,5G networks are reshaping connectivity like never before.,142,144,"Toronto, Canada"
2024-09-02 19:10:32,innovation_hub,Digital transformation is crucial for modern enterprises.,61,190,"Sydney, Australia"
2024-07-08 03:18:51,robotics_expert,The future of technology is here with AI advancements.,154,36,"Berlin, Germany"
2023-09-11 14:52:11,cybersecurity_pro,Cybersecurity remains the top priority for organizations.,270,200,"Tokyo, Japan"
2023-03-28 01:25:00,tech_guru,Quantum algorithms are the next big leap for tech.,230,79,"Toronto, Canada"
2023-08-09 00:16:37,cloud_computing,The future of technology is here with AI advancements.,440,19,"Tokyo, Japan"
2022-04-28 06:48:04,quantum_coder,IoT is revolutionizing smart home devices worldwide.,213,138,Remote
2023-03-26 20:48:08,tech_trends,Cybersecurity remains the top priority for organizations.,426,137,"London, UK"
2022-11-12 06:14:58,quantum_coder,5G networks are reshaping connectivity like never before.,28,33,Unknown
2022-12-08 16:06:00,quantum_coder,The future of technology is here with AI advancements.,136,31,Unknown
2022-08-20 22:56:05,iot_pioneer,Quantum algorithms are the next big leap for tech.,337,93,"London, UK"
2024-08-15 09:20:03,cloud_computing,5G networks are reshaping connectivity like never before.,249,118,Unknown
2023-03-18 17:39:37,robotics_expert,Quantum algorithms are the next big leap for tech.,207,13,"London, UK"
2023-12-08 19:34:19,cloud_computing,Robotics is creating efficiencies in industrial workflows.,412,133,"New York, NY"
2022-10-01 04:00:35,tech_guru,Digital transformation is crucial for modern enterprises.,249,118,"Sydney, Australia"
2022-05-15 17:38:42,tech_guru,IoT is revolutionizing smart home devices worldwide.,146,55,"Berlin, Germany"
2022-09-20 05:58:22,tech_guru,Digital transformation is crucial for modern enterprises.,92,48,"Paris, France"
2024-07-26 18:45:54,ai_fanatic,Digital transformation is crucial for modern enterprises.,271,56,"San Francisco, CA"
2022-05-04 13:26:26,cloud_computing,Quantum algorithms are the next big leap for tech.,470,50,"Tokyo, Japan"
2023-01-02 22:57:00,tech_trends,Excited about the new breakthroughs in quantum computing!,442,19,Unknown
2023-08-16 21:22:08,iot_pioneer,IoT is revolutionizing smart home devices worldwide.,157,55,"Paris, France"
2024-07-14 07:52:08,cybersecurity_pro,IoT is revolutionizing smart home devices worldwide.,303,127,Unknown
2022-07-05 02:51:40,tech_guru,Digital transformation is crucial for modern enterprises.,398,10,"Toronto, Canada"
2022-03-15 08:57:39,iot_pioneer,Excited about the new breakthroughs in quantum computing!,203,87,"Sydney, Australia"
2023-10-26 17:12:14,digital_future,Cybersecurity remains the top priority for organizations.,95,171,"Paris, France"
2023-07-25 03:31:11,digital_future,5G networks are reshaping connectivity like never before.,327,94,"Sydney, Australia"
2023-08-02 15:08:45,cloud_computing,Cybersecurity remains the top priority for organizations.,326,51,"Paris, France"
2024-12-24 21:26:38,tech_guru,Excited about the new breakthroughs in quantum computing!,481,167,"Sydney, Australia"
2024-03-18 21:14:48,digital_future,IoT is revolutionizing smart home devices worldwide.,397,95,"London, UK"
2023-10-22 19:51:17,ai_fanatic,IoT is revolutionizing smart home devices worldwide.,367,46,Remote
2024-03-20 13:31:40,digital_future,IoT is revolutionizing smart home devices worldwide.,236,55,"Paris, France"
2022-06-19 06:46:53,tech_guru,Robotics is creating efficiencies in industrial workflows.,431,135,"Paris, France"
2024-11-10 09:20:14,digital_future,Artificial intelligence is driving the tech world forward.,358,162,"Sydney, Australia"
2024-06-06 16:54:34,quantum_coder,Digital transformation is crucial for modern enterprises.,464,96,"New York, NY"
2024-04-18 08:54:44,cybersecurity_pro,IoT is revolutionizing smart home devices worldwide.,213,48,"Toronto, Canada"
2022-02-19 02:10:20,iot_pioneer,Cloud computing ensures scalability for businesses globally.,258,184,Remote
2022-05-22 18:15:48,iot_pioneer,Quantum algorithms are the next big leap for tech.,194,47,"New York, NY"
2023-04-18 22:12:27,cloud_computing,Cloud computing ensures scalability for businesses globally.,96,46,Unknown
2024-04-25 09:50:18,quantum_coder,Cloud computing ensures scalability for businesses globally.,68,49,"San Francisco, CA"
2023-09-14 01:12:49,ai_fanatic,Excited about the new breakthroughs in quantum computing!,43,65,Unknown
2024-08-27 20:28:16,digital_future,Artificial intelligence is driving the tech world forward.,479,30,"San Francisco, CA"
2023-07-06 19:05:34,ai_fanatic,IoT is revolutionizing smart home devices worldwide.,218,56,"Toronto, Canada"
2024-04-02 04:36:45,digital_future,Excited about the new breakthroughs in quantum computing!,91,48,Unknown
2022-12-16 21:47:35,cloud_computing,Robotics is creating efficiencies in industrial workflows.,276,69,Unknown
2024-07-27 00:50:28,cybersecurity_pro,Cloud computing ensures scalability for businesses globally.,493,71,Unknown
2024-01-21 10:27:29,iot_pioneer,Digital transformation is crucial for modern enterprises.,26,46,Remote
2023-02-28 20:55:39,tech_trends,Digital transformation is crucial for modern enterprises.,418,136,"London, UK"
2024-03-14 11:28:38,innovation_hub,IoT is revolutionizing smart home devices worldwide.,175,33,Unknown
2022-06-22 12:45:16,tech_trends,Cybersecurity remains the top priority for organizations.,424,176,"Toronto, Canada"
2024-03-27 01:33:53,tech_trends,Quantum algorithms are the next big leap for tech.,330,100,"San Francisco, CA"
2023-09-11 20:53:30,cloud_computing,Excited about the new breakthroughs in quantum computing!,206,106,"Paris, France"
2024-07-06 20:25:39,iot_pioneer,Artificial intelligence is driving the tech world forward.,308,117,"London, UK"
2023-03-06 05:05:04,quantum_coder,The future of technology is here with AI advancements.,433,109,"San Francisco, CA"
2024-07-25 05:54:48,tech_guru,The future of technology is here with AI advancements.,385,26,"Tokyo, Japan"
2024-11-06 05:22:39,innovation_hub,Robotics is creating efficiencies in industrial workflows.,11,53,"San Francisco, CA"
2022-01-07 16:21:18,innovation_hub,The future of technology is here with AI advancements.,33,158,"Toronto, Canada"
2022-03-04 04:30:51,tech_trends,Robotics is creating efficiencies in industrial workflows.,32,150,Unknown
2023-11-17 06:49:45,ai_fanatic,Cybersecurity remains the top priority for organizations.,370,183,Unknown
2022-02-22 05:22:32,quantum_coder,Excited about the new breakthroughs in quantum computing!,167,34,Unknown
2024-03-09 12:33:47,cloud_computing,Digital transformation is crucial for modern enterprises.,391,19,"Toronto, Canada"
2024-12-21 14:55:11,digital_future,Cloud computing ensures scalability for businesses globally.,242,12,"Paris, France"
2024-06-01 21:22:22,innovation_hub,Cybersecurity remains the top priority for organizations.,296,11,"Berlin, Germany"
2023-06-26 17:31:43,cloud_computing,Quantum algorithms are the next big leap for tech.,248,85,"London, UK"
2023-12-23 03:01:55,cybersecurity_pro,Excited about the new breakthroughs in quantum computing!,275,24,"London, UK"
2024-07-08 05:18:11,innovation_hub,Excited about the new breakthroughs in quantum computing!,59,45,"Toronto, Canada"
2024-09-15 12:05:05,ai_fanatic,Cloud computing ensures scalability for businesses globally.,178,200,"Paris, France"
2023-11-04 23:55:46,cloud_computing,Cybersecurity remains the top priority for organizations.,312,28,"Tokyo, Japan"
2022-03-08 00:43:16,digital_future,5G networks are reshaping connectivity like never before.,147,116,"Berlin, Germany"
2022-12-07 18:31:46,iot_pioneer,IoT is revolutionizing smart home devices worldwide.,216,71,Unknown
2023-12-02 14:55:54,digital_future,The future of technology is here with AI advancements.,131,163,"Tokyo, Japan"
2022-07-02 09:21:11,innovation_hub,5G networks are reshaping connectivity like never before.,343,32,Remote
2022-12-25 10:52:48,iot_pioneer,Cybersecurity remains the top priority for organizations.,90,115,"San Francisco, CA"
2024-02-17 09:27:05,digital_future,The future of technology is here with AI advancements.,313,85,Unknown
2022-01-02 13:50:03,innovation_hub,IoT is revolutionizing smart home devices worldwide.,13,111,"San Francisco, CA"
2022-01-22 02:52:59,quantum_coder,Quantum algorithms are the next big leap for tech.,434,167,Unknown
2023-12-13 02:56:57,iot_pioneer,Artificial intelligence is driving the tech world forward.,292,91,"Tokyo, Japan"
2024-05-08 12:40:47,cloud_computing,Cybersecurity remains the top priority for organizations.,129,101,Unknown
2022-04-09 21:01:30,robotics_expert,Quantum algorithms are the next big leap for tech.,158,15,Unknown
2023-06-07 05:58:14,ai_fanatic,Cloud computing ensures scalability for businesses globally.,354,90,"London, UK"
2022-10-03 18:19:42,cybersecurity_pro,Digital transformation is crucial for modern enterprises.,200,8,Remote
2024-11-14 10:21:07,robotics_expert,The future of technology is here with AI advancements.,354,117,"Paris, France"
2023-12-05 20:00:52,cloud_computing,Cybersecurity remains the top priority for organizations.,98,185,"Berlin, Germany"
2022-03-20 01:29:30,innovation_hub,Excited about the new breakthroughs in quantum computing!,35,154,Remote
2022-06-05 06:01:38,tech_trends,Quantum algorithms are the next big leap for tech.,365,57,Unknown
2024-09-17 19:08:09,tech_trends,Robotics is creating efficiencies in industrial workflows.,496,183,"Berlin, Germany"
2022-08-02 05:08:08,iot_pioneer,5G networks are reshaping connectivity like never before.,189,57,"Toronto, Canada"
2022-12-09 10:59:15,digital_future,Cloud computing ensures scalability for businesses globally.,170,66,"Berlin, Germany"
2022-02-19 16:46:58,innovation_hub,Artificial intelligence is driving the tech world forward.,363,179,Remote
2024-02-18 15:43:12,tech_trends,Robotics is creating efficiencies in industrial workflows.,452,13,"London, UK"
2022-05-15 18:57:06,innovation_hub,IoT is revolutionizing smart home devices worldwide.,314,62,"Sydney, Australia"
2022-07-06 17:11:07,cybersecurity_pro,5G networks are reshaping connectivity like never before.,82,94,"Toronto, Canada"
2023-03-10 01:34:37,quantum_coder,Artificial intelligence is driving the tech world forward.,142,145,"London, UK"
2023-07-15 02:55:36,quantum_coder,5G networks are reshaping connectivity like never before.,321,159,Remote
2023-02-21 02:34:38,quantum_coder,The future of technology is here with AI advancements.,86,9,"Sydney, Australia"
2024-11-16 18:55:40,digital_future,Excited about the new breakthroughs in quantum computing!,417,104,"London, UK"
2023-10-18 09:15:41,tech_trends,Digital transformation is crucial for modern enterprises.,237,121,"Toronto, Canada"
2024-08-06 03:29:02,ai_fanatic,The future of technology is here with AI advancements.,292,102,"San Francisco, CA"
2022-07-20 03:05:58,innovation_hub,The future of technology is here with AI advancements.,217,102,"Paris, France"
2024-12-14 08:16:01,tech_guru,Excited about the new breakthroughs in quantum computing!,437,151,"Toronto, Canada"
2023-01-25 19:50:17,quantum_coder,Excited about the new breakthroughs in quantum computing!,60,33,"Toronto, Canada"
2023-08-20 23:11:31,cybersecurity_pro,The future of technology is here with AI advancements.,276,113,"Paris, France"
2023-09-13 04:24:52,tech_trends,Cloud computing ensures scalability for businesses globally.,38,154,"Sydney, Australia"
2022-08-03 13:48:43,cybersecurity_pro,Robotics is creating efficiencies in industrial workflows.,217,21,"Berlin, Germany"
2024-06-14 07:07:28,robotics_expert,Quantum algorithms are the next big leap for tech.,179,109,"New York, NY"
2023-06-05 15:13:28,quantum_coder,Robotics is creating efficiencies in industrial workflows.,194,94,"New York, NY"
2024-12-06 23:12:38,iot_pioneer,The future of technology is here with AI advancements.,178,103,"Berlin, Germany"
2023-04-27 05:15:43,quantum_coder,Quantum algorithms are the next big leap for tech.,321,46,"Paris, France"
2022-08-27 23:08:37,quantum_coder,5G networks are reshaping connectivity like never before.,418,75,"Paris, France"
2022-08-12 19:02:27,digital_future,Cloud computing ensures scalability for businesses globally.,433,198,Remote
2022-02-21 07:04:14,robotics_expert,5G networks are reshaping connectivity like never before.,320,93,Unknown
2023-10-26 07:09:36,innovation_hub,IoT is revolutionizing smart home devices worldwide.,40,181,"Sydney, Australia"
2024-01-25 23:53:33,innovation_hub,Cybersecurity remains the top priority for organizations.,225,158,"Toronto, Canada"
2022-03-14 22:25:56,robotics_expert,Excited about the new breakthroughs in quantum computing!,175,73,"Paris, France"
2023-05-09 21:49:16,digital_future,Cybersecurity remains the top priority for organizations.,185,173,"Sydney, Australia"
2024-09-07 21:37:23,digital_future,Excited about the new breakthroughs in quantum computing!,167,17,"New York, NY"
2023-10-27 13:38:19,cybersecurity_pro,Robotics is creating efficiencies in industrial workflows.,209,192,"Paris, France"
2022-09-07 05:32:23,cybersecurity_pro,Cybersecurity remains the top priority for organizations.,17,51,"San Francisco, CA"
2024-07-19 03:48:08,cybersecurity_pro,Digital transformation is crucial for modern enterprises.,283,168,"Tokyo, Japan"
2024-09-09 00:44:20,ai_fanatic,IoT is revolutionizing smart home devices worldwide.,96,166,"Sydney, Australia"
2023-10-25 06:22:12,quantum_coder,Cloud computing ensures scalability for businesses globally.,108,51,"Sydney, Australia"
2022-11-25 05:10:59,cloud_computing,Excited about the new breakthroughs in quantum computing!,400,154,"London, UK"
2022-03-04 05:36:35,cybersecurity_pro,Robotics is creating efficiencies in industrial workflows.,110,122,"Paris, France"
2024-11-19 20:13:06,tech_guru,IoT is revolutionizing smart home devices worldwide.,226,27,"San Francisco, CA"
2024-02-13 04:47:25,robotics_expert,IoT is revolutionizing smart home devices worldwide.,478,146,"Toronto, Canada"
2024-12-10 09:57:56,tech_trends,IoT is revolutionizing smart home devices worldwide.,257,70,"Paris, France"
2023-05-28 10:08:33,tech_guru,Artificial intelligence is driving the tech world forward.,96,127,"New York, NY"
2022-02-05 00:49:58,robotics_expert,5G networks are reshaping connectivity like never before.,128,127,"Toronto, Canada"
2024-10-16 01:21:05,innovation_hub,The future of technology is here with AI advancements.,488,144,Remote
2024-03-12 08:52:26,tech_trends,Cybersecurity remains the top priority for organizations.,222,138,"Toronto, Canada"
2023-02-08 03:10:07,innovation_hub,Robotics is creating efficiencies in industrial workflows.,117,85,"Toronto, Canada"
2022-11-22 09:50:34,digital_future,5G networks are reshaping connectivity like never before.,170,74,"Berlin, Germany"
2022-05-17 22:31:58,digital_future,Digital transformation is crucial for modern enterprises.,491,163,"San Francisco, CA"
2023-09-26 10:58:32,ai_fanatic,5G networks are reshaping connectivity like never before.,136,110,"New York, NY"
2022-11-22 06:22:59,robotics_expert,Quantum algorithms are the next big leap for tech.,410,46,Remote
2022-09-19 16:05:00,innovation_hub,Excited about the new breakthroughs in quantum computing!,109,161,Remote
2022-12-28 23:32:55,cybersecurity_pro,Cybersecurity remains the top priority for organizations.,85,50,"Toronto, Canada"
2022-06-13 14:19:30,cloud_computing,Artificial intelligence is driving the tech world forward.,54,147,"Tokyo, Japan"
2023-05-14 06:44:17,iot_pioneer,5G networks are reshaping connectivity like never before.,35,85,"San Francisco, CA"
2022-01-09 21:56:57,cybersecurity_pro,5G networks are reshaping connectivity like never before.,217,10,"Berlin, Germany"
2023-04-17 23:47:28,cybersecurity_pro,Robotics is creating efficiencies in industrial workflows.,331,81,"New York, NY"
2023-02-22 23:47:45,innovation_hub,The future of technology is here with AI advancements.,328,69,Remote
2024-08-18 13:53:50,cybersecurity_pro,Excited about the new breakthroughs in quantum computing!,318,7,"London, UK"
2022-12-23 23:32:12,iot_pioneer,IoT is revolutionizing smart home devices worldwide.,234,74,Unknown
2024-05-15 05:34:35,tech_guru,Cybersecurity remains the top priority for organizations.,406,173,"Paris, France"
2024-08-03 23:14:08,cybersecurity_pro,Artificial intelligence is driving the tech world forward.,79,97,Unknown
2022-12-28 15:31:00,quantum_coder,Digital transformation is crucial for modern enterprises.,93,132,"Berlin, Germany"
2022-05-13 05:07:56,tech_guru,IoT is revolutionizing smart home devices worldwide.,401,7,"Toronto, Canada"
2024-09-27 15:58:00,robotics_expert,Artificial intelligence is driving the tech world forward.,484,107,"Toronto, Canada"
2024-01-18 11:22:54,tech_guru,Digital transformation is crucial for modern enterprises.,478,199,"Berlin, Germany"
2023-06-06 13:58:19,innovation_hub,Cybersecurity remains the top priority for organizations.,370,94,"Berlin, Germany"
2022-06-05 16:06:44,iot_pioneer,Robotics is creating efficiencies in industrial workflows.,308,155,"New York, NY"
2023-05-10 10:13:01,iot_pioneer,Cloud computing ensures scalability for businesses globally.,307,168,"New York, NY"
2023-08-23 14:01:42,cybersecurity_pro,The future of technology is here with AI advancements.,35,123,"London, UK"
2022-11-10 15:13:21,robotics_expert,Cybersecurity remains the top priority for organizations.,445,108,"Toronto, Canada"
2024-09-01 03:38:47,robotics_expert,Robotics is creating efficiencies in industrial workflows.,203,95,"London, UK"
2023-04-04 07:46:26,iot_pioneer,Digital transformation is crucial for modern enterprises.,173,120,"Toronto, Canada"
2024-01-26 12:03:49,cybersecurity_pro,Cloud computing ensures scalability for businesses globally.,419,153,"New York, NY"
2023-09-08 01:24:59,cybersecurity_pro,IoT is revolutionizing smart home devices worldwide.,494,172,"San Francisco, CA"
2023-04-07 23:39:24,cloud_computing,IoT is revolutionizing smart home devices worldwide.,145,170,"Paris, France"
2022-12-22 12:24:44,tech_trends,Robotics is creating efficiencies in industrial workflows.,77,168,Unknown
2022-05-16 23:41:51,innovation_hub,Excited about the new breakthroughs in quantum computing!,224,60,"Paris, France"
2023-03-24 10:09:03,tech_trends,Artificial intelligence is driving the tech world forward.,145,191,"New York, NY"
2024-01-23 18:19:23,ai_fanatic,IoT is revolutionizing smart home devices worldwide.,381,78,Remote
2023-04-28 15:03:46,digital_future,Excited about the new breakthroughs in quantum computing!,309,64,Unknown
2022-08-08 09:18:33,innovation_hub,Digital transformation is crucial for modern enterprises.,409,161,"New York, NY"
2023-05-10 06:51:55,iot_pioneer,Quantum algorithms are the next big leap for tech.,100,179,Unknown
2022-11-04 17:53:17,tech_guru,5G networks are reshaping connectivity like never before.,224,49,"Paris, France"
2023-09-12 02:45:20,digital_future,IoT is revolutionizing smart home devices worldwide.,480,60,"Toronto, Canada"
2023-07-02 17:43:46,cybersecurity_pro,Artificial intelligence is driving the tech world forward.,426,65,"Tokyo, Japan"
2023-03-05 12:16:14,innovation_hub,IoT is revolutionizing smart home devices worldwide.,369,191,"Sydney, Australia"
2022-08-16 06:49:21,tech_guru,Cloud computing ensures scalability for businesses globally.,182,67,"London, UK"
2023-02-22 21:07:17,iot_pioneer,Artificial intelligence is driving the tech world forward.,248,189,"Berlin, Germany"
2022-06-01 05:39:21,quantum_coder,Quantum algorithms are the next big leap for tech.,284,173,"Tokyo, Japan"
2024-01-09 18:03:09,ai_fanatic,5G networks are reshaping connectivity like never before.,278,7,"Paris, France"
2023-01-17 12:53:04,tech_guru,IoT is revolutionizing smart home devices worldwide.,248,174,"Toronto, Canada"
2024-10-04 20:41:31,tech_guru,Cybersecurity remains the top priority for organizations.,176,99,"Berlin, Germany"
2022-05-04 08:41:58,iot_pioneer,Cybersecurity remains the top priority for organizations.,79,178,"San Francisco, CA"
2023-10-06 21:15:40,iot_pioneer,Robotics is creating efficiencies in industrial workflows.,296,185,"Berlin, Germany"
2022-09-06 09:39:06,tech_trends,Robotics is creating efficiencies in industrial workflows.,103,90,"Paris, France"
2024-03-11 12:56:03,quantum_coder,5G networks are reshaping connectivity like never before.,417,121,"Paris, France"
2024-04-24 00:52:11,innovation_hub,The future of technology is here with AI advancements.,174,7,Remote
2024-08-03 18:42:05,robotics_expert,5G networks are reshaping connectivity like never before.,396,36,"Toronto, Canada"
2023-01-19 14:28:18,ai_fanatic,Robotics is creating efficiencies in industrial workflows.,82,149,Unknown
2023-07-13 13:06:20,robotics_expert,Artificial intelligence is driving the tech world forward.,445,39,"New York, NY"
2023-05-19 14:55:42,tech_guru,Cybersecurity remains the top priority for organizations.,30,199,"Paris, France"
2023-01-22 14:54:21,innovation_hub,Quantum algorithms are the next big leap for tech.,64,124,"Sydney, Australia"
2022-07-21 12:09:15,robotics_expert,Cybersecurity remains the top priority for organizations.,296,39,"New York, NY"
2023-05-13 22:49:21,cybersecurity_pro,Cloud computing ensures scalability for businesses globally.,337,199,"Paris, France"
2024-08-28 20:53:51,ai_fanatic,IoT is revolutionizing smart home devices worldwide.,295,30,"London, UK"
2022-04-03 17:07:45,cybersecurity_pro,Quantum algorithms are the next big leap for tech.,485,168,"Toronto, Canada"
2023-02-12 16:26:57,tech_trends,Cybersecurity remains the top priority for organizations.,250,44,"Tokyo, Japan"
2022-04-04 00:00:32,quantum_coder,Digital transformation is crucial for modern enterprises.,312,102,"London, UK"
